C,max_iter,penalty,random_state,accuracy
30097.445585591457,500,l2,49,0.9547151898734179
